{"spot_diameter_fullres": 17.907713171919788, "tissue_hires_scalef": 0.85470086, "fiducial_diameter_fullres": 28.92784435463966, "tissue_lowres_scalef": 0.25641027}